month,disputes,partial_month
2023-06-01,169,True
2023-07-01,385,False
2023-08-01,414,False
2023-09-01,361,False
2023-10-01,363,False
2023-11-01,353,False
2023-12-01,372,False
2024-01-01,390,False
2024-02-01,335,False
2024-03-01,371,False
2024-04-01,424,False
2024-05-01,349,False
2024-06-01,371,False
2024-07-01,385,False
2024-08-01,379,False
2024-09-01,376,False
2024-10-01,396,False
2024-11-01,369,False
2024-12-01,355,False
2025-01-01,395,False
2025-02-01,361,False
2025-03-01,380,False
2025-04-01,363,False
2025-05-01,372,False
2025-06-01,362,False
2025-07-01,394,False
2025-08-01,411,False
2025-09-01,372,False
2025-10-01,404,False
2025-11-01,358,False
2025-12-01,393,False
2026-01-01,372,False
2026-02-01,351,False
2026-03-01,407,False
2026-04-01,394,False
2026-05-01,375,False
2026-06-01,199,True
