country,segment,complaints,dispute_narrow,dispute_narrow_pct,dispute_broad,dispute_broad_pct
Argentina,Basic,7998,1625,20.32,3247,40.6
Argentina,Plus,3320,671,20.21,1380,41.57
Argentina,Premium,1341,253,18.87,516,38.48
Argentina,Student,677,152,22.45,287,42.39
Colombia,Basic,12151,2496,20.54,5014,41.26
Colombia,Plus,5129,977,19.05,2014,39.27
Colombia,Premium,2090,443,21.2,864,41.34
Colombia,Student,1014,203,20.02,402,39.64
México,Basic,19986,4051,20.27,7977,39.91
México,Plus,8386,1703,20.31,3421,40.79
México,Premium,3333,668,20.04,1350,40.5
México,Student,1670,338,20.24,661,39.58
