month,complaints,dispute_narrow,dispute_narrow_pct,dispute_broad,dispute_broad_pct,fees,other_categories
2023-06-01,796,169,21.23,323,40.58,154,473
2023-07-01,1883,385,20.45,797,42.33,412,1086
2023-08-01,1915,414,21.62,779,40.68,365,1136
2023-09-01,1811,361,19.93,735,40.59,374,1076
2023-10-01,1872,363,19.39,747,39.9,384,1125
2023-11-01,1835,353,19.24,713,38.86,360,1122
2023-12-01,1954,372,19.04,777,39.76,405,1177
2024-01-01,1887,390,20.67,767,40.65,377,1120
2024-02-01,1726,335,19.41,712,41.25,377,1014
2024-03-01,1925,371,19.27,751,39.01,380,1174
2024-04-01,1867,424,22.71,795,42.58,371,1072
2024-05-01,1822,349,19.15,731,40.12,382,1091
2024-06-01,1833,371,20.24,766,41.79,395,1067
2024-07-01,1901,385,20.25,761,40.03,376,1140
2024-08-01,1887,379,20.08,764,40.49,385,1123
2024-09-01,1835,376,20.49,750,40.87,374,1085
2024-10-01,1883,396,21.03,777,41.26,381,1106
2024-11-01,1878,369,19.65,741,39.46,372,1137
2024-12-01,1874,355,18.94,751,40.07,396,1123
2025-01-01,2001,395,19.74,812,40.58,417,1189
2025-02-01,1740,361,20.75,734,42.18,373,1006
2025-03-01,1772,380,21.44,743,41.93,363,1029
2025-04-01,1787,363,20.31,728,40.74,365,1059
2025-05-01,1884,372,19.75,763,40.5,391,1121
2025-06-01,1818,362,19.91,706,38.83,344,1112
2025-07-01,1973,394,19.97,765,38.77,371,1208
2025-08-01,1906,411,21.56,762,39.98,351,1144
2025-09-01,1765,372,21.08,732,41.47,360,1033
2025-10-01,1972,404,20.49,781,39.6,377,1191
2025-11-01,1806,358,19.82,710,39.31,352,1096
2025-12-01,1928,393,20.38,765,39.68,372,1163
2026-01-01,1939,372,19.19,765,39.45,393,1174
2026-02-01,1706,351,20.57,676,39.62,325,1030
2026-03-01,1962,407,20.74,801,40.83,394,1161
2026-04-01,1863,394,21.15,758,40.69,364,1105
2026-05-01,1825,375,20.55,768,42.08,393,1057
2026-06-01,1064,199,18.7,427,40.13,228,637
