scenario,operating_point,segment,pct,basis,basis_n
A base case: disputes mirror the charge mix,95% recall (v2 chosen),Rule-based answer,3.006299649627752,"Pending/Reversed score <=30 = rule-based; 64 Pending/Reversed score >30 = HIGH; Approved/Declined bands = VAL shares over 4,291,915 tx (full table)",4425008
A base case: disputes mirror the charge mix,95% recall (v2 chosen),HIGH (block + handoff),0.05041047401591718,"Pending/Reversed score <=30 = rule-based; 64 Pending/Reversed score >30 = HIGH; Approved/Declined bands = VAL shares over 4,291,915 tx (full table)",4425008
A base case: disputes mirror the charge mix,95% recall (v2 chosen),REVIEW (handoff),81.92139029721764,"Pending/Reversed score <=30 = rule-based; 64 Pending/Reversed score >30 = HIGH; Approved/Declined bands = VAL shares over 4,291,915 tx (full table)",4425008
A base case: disputes mirror the charge mix,95% recall (v2 chosen),LOW (AI resolves),15.021899579138687,"Pending/Reversed score <=30 = rule-based; 64 Pending/Reversed score >30 = HIGH; Approved/Declined bands = VAL shares over 4,291,915 tx (full table)",4425008
"B fraud-only bound (extreme, not an estimate)",95% recall (v2 chosen),Rule-based answer,0.0,VAL fraud cases (Approved/Declined only); Pending/Reversed outside VAL scope,599
"B fraud-only bound (extreme, not an estimate)",95% recall (v2 chosen),HIGH (block + handoff),54.257095158597664,VAL fraud cases (Approved/Declined only); Pending/Reversed outside VAL scope,599
"B fraud-only bound (extreme, not an estimate)",95% recall (v2 chosen),REVIEW (handoff),40.90150250417362,VAL fraud cases (Approved/Declined only); Pending/Reversed outside VAL scope,599
"B fraud-only bound (extreme, not an estimate)",95% recall (v2 chosen),LOW (AI resolves),4.841402337228715,VAL fraud cases (Approved/Declined only); Pending/Reversed outside VAL scope,599
A base case: disputes mirror the charge mix,90% recall (sensitivity),Rule-based answer,3.006299649627752,"Pending/Reversed score <=30 = rule-based; 64 Pending/Reversed score >30 = HIGH; Approved/Declined bands = VAL shares over 4,291,915 tx (full table)",4425008
A base case: disputes mirror the charge mix,90% recall (sensitivity),HIGH (block + handoff),0.05041047401591718,"Pending/Reversed score <=30 = rule-based; 64 Pending/Reversed score >30 = HIGH; Approved/Declined bands = VAL shares over 4,291,915 tx (full table)",4425008
A base case: disputes mirror the charge mix,90% recall (sensitivity),REVIEW (handoff),71.88645162361382,"Pending/Reversed score <=30 = rule-based; 64 Pending/Reversed score >30 = HIGH; Approved/Declined bands = VAL shares over 4,291,915 tx (full table)",4425008
A base case: disputes mirror the charge mix,90% recall (sensitivity),LOW (AI resolves),25.056838252742512,"Pending/Reversed score <=30 = rule-based; 64 Pending/Reversed score >30 = HIGH; Approved/Declined bands = VAL shares over 4,291,915 tx (full table)",4425008
"B fraud-only bound (extreme, not an estimate)",90% recall (sensitivity),Rule-based answer,0.0,VAL fraud cases (Approved/Declined only); Pending/Reversed outside VAL scope,599
"B fraud-only bound (extreme, not an estimate)",90% recall (sensitivity),HIGH (block + handoff),54.257095158597664,VAL fraud cases (Approved/Declined only); Pending/Reversed outside VAL scope,599
"B fraud-only bound (extreme, not an estimate)",90% recall (sensitivity),REVIEW (handoff),35.89315525876461,VAL fraud cases (Approved/Declined only); Pending/Reversed outside VAL scope,599
"B fraud-only bound (extreme, not an estimate)",90% recall (sensitivity),LOW (AI resolves),9.84974958263773,VAL fraud cases (Approved/Declined only); Pending/Reversed outside VAL scope,599
