cat_group,day_floor,n
Fees (Cobro indebido),1,83
Fees (Cobro indebido),2,111
Fees (Cobro indebido),3,96
Fees (Cobro indebido),4,103
Fees (Cobro indebido),5,118
Fees (Cobro indebido),6,106
Fees (Cobro indebido),7,115
Fees (Cobro indebido),8,97
Fees (Cobro indebido),9,99
Fees (Cobro indebido),10,111
Fees (Cobro indebido),11,93
Fees (Cobro indebido),12,113
Fees (Cobro indebido),13,108
Fees (Cobro indebido),14,96
Fees (Cobro indebido),15,88
Fees (Cobro indebido),16,105
Fees (Cobro indebido),17,92
Fees (Cobro indebido),18,109
Fees (Cobro indebido),19,99
Fees (Cobro indebido),20,105
Fees (Cobro indebido),21,98
Fees (Cobro indebido),22,98
Fees (Cobro indebido),23,112
Fees (Cobro indebido),24,109
Fees (Cobro indebido),25,129
Fees (Cobro indebido),26,111
Fees (Cobro indebido),27,106
Fees (Cobro indebido),28,73
Fees (Cobro indebido),29,107
Fees (Cobro indebido),30,104
Fees (Cobro indebido),31,3
Fees (Cobro indebido),32,2
Fees (Cobro indebido),36,2
Other categories,1,316
Other categories,2,298
Other categories,3,279
Other categories,4,307
Other categories,5,310
Other categories,6,285
Other categories,7,307
Other categories,8,276
Other categories,9,344
Other categories,10,295
Other categories,11,301
Other categories,12,297
Other categories,13,295
Other categories,14,330
Other categories,15,288
Other categories,16,314
Other categories,17,322
Other categories,18,290
Other categories,19,296
Other categories,20,315
Other categories,21,303
Other categories,22,289
Other categories,23,286
Other categories,24,318
Other categories,25,305
Other categories,26,312
Other categories,27,313
Other categories,28,342
Other categories,29,325
Other categories,30,315
Other categories,31,5
Other categories,32,3
Other categories,33,2
Other categories,34,2
Other categories,36,1
Transactions (Cargo no reconocido),1,95
Transactions (Cargo no reconocido),2,104
Transactions (Cargo no reconocido),3,135
Transactions (Cargo no reconocido),4,107
Transactions (Cargo no reconocido),5,107
Transactions (Cargo no reconocido),6,110
Transactions (Cargo no reconocido),7,96
Transactions (Cargo no reconocido),8,107
Transactions (Cargo no reconocido),9,114
Transactions (Cargo no reconocido),10,102
Transactions (Cargo no reconocido),11,109
Transactions (Cargo no reconocido),12,96
Transactions (Cargo no reconocido),13,102
Transactions (Cargo no reconocido),14,112
Transactions (Cargo no reconocido),15,109
Transactions (Cargo no reconocido),16,105
Transactions (Cargo no reconocido),17,100
Transactions (Cargo no reconocido),18,109
Transactions (Cargo no reconocido),19,117
Transactions (Cargo no reconocido),20,101
Transactions (Cargo no reconocido),21,89
Transactions (Cargo no reconocido),22,118
Transactions (Cargo no reconocido),23,95
Transactions (Cargo no reconocido),24,110
Transactions (Cargo no reconocido),25,103
Transactions (Cargo no reconocido),26,113
Transactions (Cargo no reconocido),27,119
Transactions (Cargo no reconocido),28,125
Transactions (Cargo no reconocido),29,82
Transactions (Cargo no reconocido),30,108
Transactions (Cargo no reconocido),31,1
