month,transactions,pending,pending_pct,reversed,reversed_pct,pending_or_reversed,pending_or_reversed_pct,declined,fraud_score_nonnull,fs_gt30,fs_gt30_pct_all,fs_gt30_pct_scored,fs_gt30_excl_pend_rev,is_fraud,is_fraud_pct,is_fraud_and_fs_gt30
2023-06-01,56260,1133,2.014,559,0.994,1692,3.007,2756,44980,27,0.048,0.06,27,54,0.096,27
2023-07-01,121313,2489,2.052,1199,0.988,3688,3.04,5995,97071,87,0.0717,0.0896,83,138,0.1138,87
2023-08-01,127592,2564,2.01,1329,1.042,3893,3.051,6366,102103,65,0.0509,0.0637,65,137,0.1074,65
2023-09-01,119559,2421,2.025,1205,1.008,3626,3.033,5975,95487,43,0.036,0.045,41,97,0.0811,43
2023-10-01,127793,2515,1.968,1297,1.015,3812,2.983,6413,102150,82,0.0642,0.0803,79,140,0.1096,82
2023-11-01,121984,2378,1.949,1232,1.01,3610,2.959,6054,97580,66,0.0541,0.0676,64,125,0.1025,66
2023-12-01,125969,2455,1.949,1259,0.999,3714,2.948,6290,101102,76,0.0603,0.0752,73,123,0.0976,76
2024-01-01,122201,2532,2.072,1266,1.036,3798,3.108,6037,97788,75,0.0614,0.0767,73,121,0.099,75
2024-02-01,117135,2227,1.901,1149,0.981,3376,2.882,6043,93551,55,0.047,0.0588,52,118,0.1007,55
2024-03-01,121588,2502,2.058,1288,1.059,3790,3.117,6147,97548,75,0.0617,0.0769,73,135,0.111,75
2024-04-01,121330,2460,2.028,1198,0.987,3658,3.015,5995,97147,69,0.0569,0.071,68,125,0.103,69
2024-05-01,126371,2535,2.006,1297,1.026,3832,3.032,6277,101387,69,0.0546,0.0681,66,132,0.1045,69
2024-06-01,121816,2358,1.936,1189,0.976,3547,2.912,5995,97376,63,0.0517,0.0647,57,110,0.0903,63
2024-07-01,128772,2588,2.01,1342,1.042,3930,3.052,6429,102799,68,0.0528,0.0661,65,115,0.0893,68
2024-08-01,122764,2433,1.982,1268,1.033,3701,3.015,6085,98406,71,0.0578,0.0722,69,129,0.1051,71
2024-09-01,117525,2418,2.057,1268,1.079,3686,3.136,5830,93944,62,0.0528,0.066,60,131,0.1115,62
2024-10-01,127493,2532,1.986,1272,0.998,3804,2.984,6350,102066,83,0.0651,0.0813,81,137,0.1075,83
2024-11-01,121481,2335,1.922,1258,1.036,3593,2.958,6141,97292,70,0.0576,0.0719,69,122,0.1004,70
2024-12-01,122761,2468,2.01,1243,1.013,3711,3.023,6211,98257,59,0.0481,0.06,56,107,0.0872,59
2025-01-01,122180,2472,2.023,1220,0.999,3692,3.022,6310,97557,68,0.0557,0.0697,65,122,0.0999,68
2025-02-01,110465,2210,2.001,1094,0.99,3304,2.991,5569,88344,64,0.0579,0.0724,63,110,0.0996,64
2025-03-01,123716,2477,2.002,1285,1.039,3762,3.041,6181,98861,56,0.0453,0.0566,56,112,0.0905,56
2025-04-01,120744,2376,1.968,1196,0.991,3572,2.958,6001,96810,50,0.0414,0.0516,49,103,0.0853,50
2025-05-01,126997,2595,2.043,1331,1.048,3926,3.091,6271,101619,72,0.0567,0.0709,68,131,0.1032,72
2025-06-01,118788,2358,1.985,1232,1.037,3590,3.022,6006,94648,76,0.064,0.0803,74,140,0.1179,76
2025-07-01,126882,2499,1.97,1308,1.031,3807,3.0,6434,101510,65,0.0512,0.064,65,130,0.1025,65
2025-08-01,126039,2486,1.972,1291,1.024,3777,2.997,6330,100753,59,0.0468,0.0586,59,119,0.0944,59
2025-09-01,118563,2374,2.002,1264,1.066,3638,3.068,5936,94662,57,0.0481,0.0602,57,107,0.0902,57
2025-10-01,129268,2557,1.978,1297,1.003,3854,2.981,6446,103288,72,0.0557,0.0697,71,125,0.0967,72
2025-11-01,120775,2469,2.044,1216,1.007,3685,3.051,6101,96607,60,0.0497,0.0621,59,103,0.0853,60
2025-12-01,122382,2400,1.961,1139,0.931,3539,2.892,6062,97953,62,0.0507,0.0633,60,115,0.094,62
2026-01-01,121962,2377,1.949,1229,1.008,3606,2.957,6122,97649,66,0.0541,0.0676,64,109,0.0894,66
2026-02-01,115098,2301,1.999,1121,0.974,3422,2.973,5856,92008,46,0.04,0.05,46,87,0.0756,46
2026-03-01,123915,2480,2.001,1223,0.987,3703,2.988,6029,99088,70,0.0565,0.0706,69,111,0.0896,70
2026-04-01,126492,2583,2.042,1197,0.946,3780,2.988,6262,101213,67,0.053,0.0662,67,117,0.0925,67
2026-05-01,127559,2529,1.983,1277,1.001,3806,2.984,6325,102192,62,0.0486,0.0607,60,109,0.0855,62
2026-06-01,71476,1457,2.038,712,0.996,2169,3.035,3604,57055,36,0.0504,0.0631,36,70,0.0979,36
