country,segment,transactions,pending,pending_pct,reversed,reversed_pct,pending_or_reversed,pending_or_reversed_pct,declined,fraud_score_nonnull,fs_gt30,fs_gt30_pct_all,fs_gt30_pct_scored,fs_gt30_excl_pend_rev,is_fraud,is_fraud_pct,is_fraud_and_fs_gt30
Argentina,Basic,529593,10727,2.026,5284,0.998,16011,3.023,26533,423264,282,0.0532,0.0666,277,525,0.0991,282
Argentina,Plus,219736,4374,1.991,2213,1.007,6587,2.998,10946,175925,119,0.0542,0.0676,116,229,0.1042,119
Argentina,Premium,85845,1719,2.002,926,1.079,2645,3.081,4321,68768,43,0.0501,0.0625,43,81,0.0944,43
Argentina,Student,44831,916,2.043,457,1.019,1373,3.063,2253,35939,32,0.0714,0.089,31,49,0.1093,32
Colombia,Basic,795847,15898,1.998,8103,1.018,24001,3.016,39426,636490,430,0.054,0.0676,416,759,0.0954,430
Colombia,Plus,331749,6644,2.003,3338,1.006,9982,3.009,16536,265337,148,0.0446,0.0558,142,299,0.0901,148
Colombia,Premium,134314,2662,1.982,1331,0.991,3993,2.973,6756,107308,59,0.0439,0.055,56,114,0.0849,59
Colombia,Student,66662,1285,1.928,666,0.999,1951,2.927,3386,53392,37,0.0555,0.0693,36,66,0.099,37
México,Basic,1324739,26199,1.978,13467,1.017,39666,2.994,66293,1060170,731,0.0552,0.069,712,1312,0.099,731
México,Plus,558778,11322,2.026,5610,1.004,16932,3.03,28006,446768,318,0.0569,0.0712,309,569,0.1018,318
México,Premium,223671,4404,1.969,2247,1.005,6651,2.974,11308,179094,111,0.0496,0.062,109,200,0.0894,111
México,Student,109243,2193,2.007,1108,1.014,3301,3.022,5470,87396,63,0.0577,0.0721,62,113,0.1034,63
